step,time,temp,ke,pe,etot,press
0,0.000000e+00,2.000000e+00,7.680000e+02,-1.629375e+03,-8.613751e+02,-4.608967e+00
100,5.000000e-01,1.206209e+00,4.631843e+02,-1.320568e+03,-8.573838e+02,1.745441e+00
200,1.000000e+00,1.094379e+00,4.202414e+02,-1.277515e+03,-8.572740e+02,2.268626e+00
300,1.500000e+00,1.081096e+00,4.151408e+02,-1.271838e+03,-8.566972e+02,2.513452e+00
400,2.000000e+00,1.107409e+00,4.252449e+02,-1.282833e+03,-8.575879e+02,2.207933e+00
500,2.500000e+00,1.103484e+00,4.237378e+02,-1.280836e+03,-8.570981e+02,2.392301e+00
600,3.000000e+00,1.069332e+00,4.106234e+02,-1.267805e+03,-8.571819e+02,2.617927e+00
700,3.500000e+00,1.036142e+00,3.978785e+02,-1.254968e+03,-8.570893e+02,2.763677e+00
800,4.000000e+00,1.066116e+00,4.093887e+02,-1.266430e+03,-8.570417e+02,2.614353e+00
900,4.500000e+00,1.080421e+00,4.148815e+02,-1.272029e+03,-8.571477e+02,2.335321e+00
1000,5.000000e+00,1.054841e+00,4.050589e+02,-1.261905e+03,-8.568459e+02,2.608358e+00
1100,5.500000e+00,1.096443e+00,4.210340e+02,-1.278864e+03,-8.578298e+02,2.304938e+00
1200,6.000000e+00,1.120192e+00,4.301538e+02,-1.287309e+03,-8.571548e+02,2.254607e+00
1300,6.500000e+00,1.090892e+00,4.189025e+02,-1.276422e+03,-8.575192e+02,2.411679e+00
1400,7.000000e+00,1.127634e+00,4.330114e+02,-1.289844e+03,-8.568322e+02,2.163916e+00
1500,7.500000e+00,1.096523e+00,4.210647e+02,-1.278093e+03,-8.570286e+02,2.317839e+00
1600,8.000000e+00,1.119302e+00,4.298119e+02,-1.286884e+03,-8.570723e+02,2.054197e+00
1700,8.500000e+00,1.168964e+00,4.488821e+02,-1.306107e+03,-8.572251e+02,1.832589e+00
1800,9.000000e+00,1.122317e+00,4.309699e+02,-1.288706e+03,-8.577357e+02,2.208451e+00
1900,9.500000e+00,1.108902e+00,4.258182e+02,-1.282628e+03,-8.568100e+02,2.298760e+00
2000,1.000000e+01,1.181579e+00,4.537263e+02,-1.310568e+03,-8.568420e+02,1.924294e+00
2100,1.050000e+01,1.150557e+00,4.418140e+02,-1.299354e+03,-8.575405e+02,1.912623e+00
2200,1.100000e+01,1.102419e+00,4.233290e+02,-1.280104e+03,-8.567753e+02,2.196581e+00
2300,1.150000e+01,1.107104e+00,4.251279e+02,-1.282378e+03,-8.572502e+02,2.308142e+00
2400,1.200000e+01,1.036183e+00,3.978943e+02,-1.254069e+03,-8.561746e+02,2.665171e+00
2500,1.250000e+01,1.055175e+00,4.051872e+02,-1.262062e+03,-8.568750e+02,2.687424e+00
2600,1.300000e+01,1.154923e+00,4.434902e+02,-1.300907e+03,-8.574169e+02,1.924758e+00
2700,1.350000e+01,1.052449e+00,4.041404e+02,-1.261489e+03,-8.573490e+02,2.624900e+00
2800,1.400000e+01,1.069568e+00,4.107142e+02,-1.268082e+03,-8.573681e+02,2.368249e+00
2900,1.450000e+01,1.079077e+00,4.143657e+02,-1.271277e+03,-8.569111e+02,2.192891e+00
3000,1.500000e+01,1.200027e+00,4.608105e+02,-1.317893e+03,-8.570826e+02,1.774938e+00
3100,1.550000e+01,1.091667e+00,4.192003e+02,-1.276829e+03,-8.576285e+02,2.248499e+00
3200,1.600000e+01,1.140963e+00,4.381298e+02,-1.295130e+03,-8.570002e+02,1.902747e+00
3300,1.650000e+01,1.082702e+00,4.157577e+02,-1.272689e+03,-8.569316e+02,2.355880e+00
3400,1.700000e+01,1.143568e+00,4.391302e+02,-1.295526e+03,-8.563960e+02,1.926304e+00
3500,1.750000e+01,1.142676e+00,4.387875e+02,-1.295555e+03,-8.567674e+02,2.126959e+00
3600,1.800000e+01,1.178389e+00,4.525012e+02,-1.309527e+03,-8.570261e+02,1.777507e+00
3700,1.850000e+01,1.079743e+00,4.146214e+02,-1.271918e+03,-8.572970e+02,2.577830e+00
3800,1.900000e+01,1.118891e+00,4.296542e+02,-1.287197e+03,-8.575424e+02,2.213415e+00
3900,1.950000e+01,1.096661e+00,4.211177e+02,-1.278114e+03,-8.569962e+02,2.423531e+00
4000,2.000000e+01,1.089616e+00,4.184126e+02,-1.275075e+03,-8.566623e+02,2.501234e+00
4100,2.050000e+01,1.087942e+00,4.177696e+02,-1.275114e+03,-8.573443e+02,2.357982e+00
4200,2.100000e+01,1.093472e+00,4.198933e+02,-1.276915e+03,-8.570214e+02,2.334199e+00
4300,2.150000e+01,1.102388e+00,4.233172e+02,-1.281136e+03,-8.578186e+02,2.269892e+00
4400,2.200000e+01,1.074979e+00,4.127921e+02,-1.269156e+03,-8.563642e+02,2.475212e+00
4500,2.250000e+01,1.083679e+00,4.161327e+02,-1.273617e+03,-8.574846e+02,2.298806e+00
4600,2.300000e+01,1.231165e+00,4.727672e+02,-1.330309e+03,-8.575420e+02,1.350518e+00
4700,2.350000e+01,1.111782e+00,4.269242e+02,-1.283469e+03,-8.565444e+02,2.227778e+00
4800,2.400000e+01,1.152403e+00,4.425227e+02,-1.299657e+03,-8.571339e+02,2.014907e+00
4900,2.450000e+01,1.104120e+00,4.239820e+02,-1.280987e+03,-8.570045e+02,2.223479e+00
5000,2.500000e+01,1.079817e+00,4.146496e+02,-1.271876e+03,-8.572260e+02,2.459694e+00
5100,2.550000e+01,1.098131e+00,4.216822e+02,-1.278903e+03,-8.572204e+02,2.272882e+00
5200,2.600000e+01,1.140693e+00,4.380262e+02,-1.295599e+03,-8.575727e+02,2.163795e+00
5300,2.650000e+01,1.128908e+00,4.335008e+02,-1.291087e+03,-8.575867e+02,2.126550e+00
5400,2.700000e+01,1.163965e+00,4.469625e+02,-1.303866e+03,-8.569039e+02,2.000194e+00
5500,2.750000e+01,1.093157e+00,4.197724e+02,-1.276984e+03,-8.572114e+02,2.280438e+00
5600,2.800000e+01,1.192263e+00,4.578290e+02,-1.315254e+03,-8.574248e+02,1.751199e+00
5700,2.850000e+01,1.102800e+00,4.234751e+02,-1.280833e+03,-8.573575e+02,2.217543e+00
5800,2.900000e+01,1.145288e+00,4.397904e+02,-1.298012e+03,-8.582211e+02,1.980458e+00
5900,2.950000e+01,1.130833e+00,4.342397e+02,-1.291177e+03,-8.569372e+02,2.089930e+00
6000,3.000000e+01,1.126711e+00,4.326572e+02,-1.289475e+03,-8.568181e+02,2.098764e+00
6100,3.050000e+01,1.096882e+00,4.212027e+02,-1.278300e+03,-8.570969e+02,2.223560e+00
6200,3.100000e+01,1.085063e+00,4.166641e+02,-1.274082e+03,-8.574183e+02,2.268581e+00
6300,3.150000e+01,1.073610e+00,4.122664e+02,-1.269483e+03,-8.572166e+02,2.407502e+00
6400,3.200000e+01,1.195334e+00,4.590083e+02,-1.317186e+03,-8.581782e+02,1.705349e+00
6500,3.250000e+01,1.083423e+00,4.160344e+02,-1.273416e+03,-8.573812e+02,2.410698e+00
6600,3.300000e+01,1.122518e+00,4.310468e+02,-1.288062e+03,-8.570152e+02,2.157811e+00
6700,3.350000e+01,1.127861e+00,4.330987e+02,-1.291011e+03,-8.579123e+02,2.002924e+00
6800,3.400000e+01,1.147051e+00,4.404675e+02,-1.297947e+03,-8.574799e+02,2.014228e+00
6900,3.450000e+01,1.068664e+00,4.103671e+02,-1.267808e+03,-8.574406e+02,2.463247e+00
7000,3.500000e+01,1.059768e+00,4.069510e+02,-1.263441e+03,-8.564896e+02,2.667011e+00
7100,3.550000e+01,1.151893e+00,4.423270e+02,-1.299459e+03,-8.571323e+02,1.921270e+00
7200,3.600000e+01,1.082846e+00,4.158129e+02,-1.272977e+03,-8.571637e+02,2.363579e+00
7300,3.650000e+01,1.104081e+00,4.239671e+02,-1.280754e+03,-8.567873e+02,2.122840e+00
7400,3.700000e+01,1.095617e+00,4.207168e+02,-1.277327e+03,-8.566102e+02,2.345570e+00
7500,3.750000e+01,1.211804e+00,4.653327e+02,-1.322886e+03,-8.575538e+02,1.559259e+00
7600,3.800000e+01,1.088077e+00,4.178214e+02,-1.275396e+03,-8.575748e+02,2.252225e+00
7700,3.850000e+01,1.157905e+00,4.446353e+02,-1.301788e+03,-8.571528e+02,1.803883e+00
7800,3.900000e+01,1.153647e+00,4.430005e+02,-1.300511e+03,-8.575107e+02,1.974993e+00
7900,3.950000e+01,1.066926e+00,4.096996e+02,-1.267033e+03,-8.573333e+02,2.359367e+00
8000,4.000000e+01,1.118746e+00,4.295986e+02,-1.286764e+03,-8.571654e+02,2.142575e+00
8100,4.050000e+01,1.169169e+00,4.489609e+02,-1.305951e+03,-8.569900e+02,1.646567e+00
8200,4.100000e+01,1.151678e+00,4.422444e+02,-1.299250e+03,-8.570054e+02,1.795100e+00
8300,4.150000e+01,1.065317e+00,4.090818e+02,-1.266292e+03,-8.572104e+02,2.541909e+00
8400,4.200000e+01,1.164715e+00,4.472504e+02,-1.305049e+03,-8.577984e+02,1.860071e+00
8500,4.250000e+01,1.078093e+00,4.139877e+02,-1.271160e+03,-8.571719e+02,2.412184e+00
8600,4.300000e+01,1.099720e+00,4.222926e+02,-1.279790e+03,-8.574972e+02,2.204451e+00
8700,4.350000e+01,1.083110e+00,4.159141e+02,-1.273434e+03,-8.575200e+02,2.266590e+00
8800,4.400000e+01,1.108455e+00,4.256468e+02,-1.283742e+03,-8.580948e+02,2.240042e+00
8900,4.450000e+01,1.098942e+00,4.219939e+02,-1.278541e+03,-8.565468e+02,2.381822e+00
9000,4.500000e+01,1.076684e+00,4.134465e+02,-1.270525e+03,-8.570786e+02,2.449503e+00
9100,4.550000e+01,1.146499e+00,4.402557e+02,-1.297579e+03,-8.573237e+02,1.935064e+00
9200,4.600000e+01,1.127302e+00,4.328840e+02,-1.289071e+03,-8.561869e+02,2.184046e+00
9300,4.650000e+01,1.142210e+00,4.386085e+02,-1.295825e+03,-8.572163e+02,2.156161e+00
9400,4.700000e+01,1.121688e+00,4.307284e+02,-1.288074e+03,-8.573460e+02,2.233692e+00
9500,4.750000e+01,1.116737e+00,4.288269e+02,-1.285985e+03,-8.571580e+02,2.102928e+00
9600,4.800000e+01,1.107540e+00,4.252954e+02,-1.282248e+03,-8.569524e+02,2.331420e+00
9700,4.850000e+01,1.137749e+00,4.368957e+02,-1.293830e+03,-8.569341e+02,2.013642e+00
9800,4.900000e+01,1.133142e+00,4.351265e+02,-1.292875e+03,-8.577487e+02,2.132840e+00
9900,4.950000e+01,1.096363e+00,4.210034e+02,-1.278121e+03,-8.571178e+02,2.352647e+00
10000,5.000000e+01,1.103877e+00,4.238887e+02,-1.280931e+03,-8.570425e+02,2.228760e+00
